,product_name,product_image,product_spec,product_price
0,한국타이어 아이온 윈터 SUV IW01A 사일런트 235/55R19,https://img.danawa.com/prod_img/500000/543/164/img/13164543_1.jpg?shrink=330:*&_v=20221004084749,"타이어, SUV, RV용, 겨울용, 전기차용, 컴포트형, 저소음, 알파인, 단면폭: 235mm, 편평비: 55%, 휠지름: 19인치, 추천차종 기아 EV6, 테슬라 모델Y",163000
1,한국타이어 아이온 에보 AS SUV IH01A 255/45R20,https://img.danawa.com/prod_img/500000/359/144/img/13144359_1.jpg?shrink=330:*&_v=20220929091143,"타이어, SUV, RV용, 올시즌, 전기차용, 컴포트형, 단면폭: 255mm, 편평비: 45%, 휠지름: 20인치, 에너지효율등급: 2등급, 젖은노면제동력: 3등급, UTQG 마모지수: 600(2등급), UTQG 제동력: A, UTQG 내열성: A, 추천차종 현대 아이오닉5, 기아 EV6",208380
2,한국타이어 아이온 에보 AS SUV IH01A 사일런트 235/55R19,https://img.danawa.com/prod_img/500000/691/462/img/28462691_1.jpg?shrink=330:*&_v=20230925125708,"타이어, SUV, RV용, 올시즌, 전기차용, 컴포트형, 저소음, 단면폭: 235mm, 편평비: 55%, 휠지름: 19인치, 에너지효율등급: 2등급, 젖은노면제동력: 3등급, UTQG 마모지수: 600(2등급), UTQG 제동력: A, UTQG 내열성: A, 추천차종 현대 아이오닉5, 기아 EV6",154720
3,한국타이어 아이온 에보 AS SUV IH01A 235/55R19,https://img.danawa.com/prod_img/500000/247/968/img/17968247_1.jpg?shrink=330:*&_v=20221011161423,"타이어, SUV, RV용, 올시즌, 전기차용, 컴포트형, 단면폭: 235mm, 편평비: 55%, 휠지름: 19인치, 에너지효율등급: 2등급, 젖은노면제동력: 3등급, UTQG 마모지수: 600(2등급), UTQG 제동력: A, UTQG 내열성: A, 추천차종 현대 아이오닉5, 기아 EV6",163200
4,한국타이어 아이온 윈터 SUV IW01A 255/45R19,https://img.danawa.com/prod_img/500000/321/336/img/29336321_1.jpg?shrink=330:*&_v=20231025111432,"타이어, SUV, RV용, 겨울용, 전기차용, 컴포트형, 알파인, 단면폭: 255mm, 편평비: 45%, 휠지름: 19인치, 추천차종 기아 EV6, 테슬라 모델Y",188000
5,한국타이어 아이온 윈터 SUV IW01A 255/45R20,https://img.danawa.com/prod_img/500000/446/144/img/13144446_1.jpg?shrink=330:*&_v=20231103162249,"타이어, SUV, RV용, 겨울용, 전기차용, 컴포트형, 알파인, 단면폭: 255mm, 편평비: 45%, 휠지름: 20인치, 추천차종 기아 EV6, 테슬라 모델Y",207740
6,한국타이어 아이온 윈터 IW01 225/55R18,https://img.danawa.com/prod_img/500000/347/622/img/29622347_1.jpg?shrink=330:*&_v=20231031141928,"타이어, 승용차용, 겨울용, 전기차용, 컴포트형, 알파인, 단면폭: 225mm, 편평비: 55%, 휠지름: 18인치",145750
7,한국타이어 아이온 윈터 SUV IW01A 275/35R21,https://img.danawa.com/prod_img/500000/533/337/img/29337533_1.jpg?shrink=330:*&_v=20231025125925,"타이어, SUV, RV용, 겨울용, 전기차용, 컴포트형, 알파인, 단면폭: 275mm, 편평비: 35%, 휠지름: 21인치, 추천차종 기아 EV6, 테슬라 모델Y",277540
8,한국타이어 아이온 윈터 SUV IW01A 235/55R19,https://img.danawa.com/prod_img/500000/443/318/img/18318443_1.jpg?shrink=330:*&_v=20221118081815,"타이어, SUV, RV용, 겨울용, 전기차용, 컴포트형, 알파인, 단면폭: 235mm, 편평비: 55%, 휠지름: 19인치, 추천차종 기아 EV6, 테슬라 모델Y",159690
9,한국타이어 아이온 에보 AS IH01 사일런트 235/45R18,https://img.danawa.com/prod_img/500000/770/461/img/28461770_1.jpg?shrink=330:*&_v=20230925104138,"타이어, 승용차용, 올시즌, 전기차용, 컴포트형, 저소음, 단면폭: 235mm, 편평비: 45%, 휠지름: 18인치, 에너지효율등급: 2등급, 젖은노면제동력: 3등급, UTQG 마모지수: 600(2등급), UTQG 제동력: A, UTQG 내열성: A, 추천차종 현대 넥쏘, 테슬라 모델S, 테슬라 모델3",178870
10,금호타이어 크루젠 HP71 EV 235/55R19,https://img.danawa.com/prod_img/500000/970/494/img/17494970_1.jpg?shrink=330:*&_v=20220720094459,"타이어, SUV, RV용, 올시즌, 전기차용, 컴포트형, 단면폭: 235mm, 편평비: 55%, 휠지름: 19인치, 에너지효율등급: 1등급, 젖은노면제동력: 3등급, UTQG 마모지수: 640(2등급), UTQG 제동력: A, UTQG 내열성: A",153000
11,금호타이어 크루젠 HP71 EV 255/45R19,https://img.danawa.com/prod_img/500000/556/425/img/20425556_1.jpg?shrink=330:*&_v=20230605145722,"타이어, SUV, RV용, 올시즌, 전기차용, 컴포트형, 단면폭: 255mm, 편평비: 45%, 휠지름: 19인치, 에너지효율등급: 1등급, 젖은노면제동력: 3등급, UTQG 마모지수: 640(2등급), UTQG 제동력: A, UTQG 내열성: A",150840
12,금호타이어 마제스티9 솔루스 TA91 EV 245/45R18,https://img.danawa.com/prod_img/500000/186/495/img/17495186_1.jpg?shrink=330:*&_v=20220720100014,"타이어, 승용차용, 올시즌, 전기차용, 컴포트형, 단면폭: 245mm, 편평비: 45%, 휠지름: 18인치, 에너지효율등급: 2등급, 젖은노면제동력: 3등급, UTQG 마모지수: 560(2등급), UTQG 제동력: AA, UTQG 내열성: A",174000
13,금호타이어 크루젠 HP71 EV 235/55R18,https://img.danawa.com/prod_img/500000/172/425/img/20425172_1.jpg?shrink=330:*&_v=20230605144440,"타이어, SUV, RV용, 올시즌, 전기차용, 컴포트형, 단면폭: 235mm, 편평비: 55%, 휠지름: 18인치, 에너지효율등급: 1등급, 젖은노면제동력: 3등급, UTQG 마모지수: 640(2등급), UTQG 제동력: A, UTQG 내열성: A",124000
14,금호타이어 크루젠 HP71 EV 255/45R20,https://img.danawa.com/prod_img/500000/810/560/img/18560810_1.jpg?shrink=330:*&_v=20221221135730,"타이어, SUV, RV용, 올시즌, 전기차용, 컴포트형, 단면폭: 255mm, 편평비: 45%, 휠지름: 20인치, 에너지효율등급: 1등급, 젖은노면제동력: 3등급, UTQG 마모지수: 640(2등급), UTQG 제동력: A, UTQG 내열성: A",190000
15,한국타이어 아이온 에보 AS IH01 245/45R19,https://img.danawa.com/prod_img/500000/138/960/img/17960138_1.jpg?shrink=330:*&_v=20221007165050,"타이어, 승용차용, 올시즌, 전기차용, 컴포트형, 단면폭: 245mm, 편평비: 45%, 휠지름: 19인치, 에너지효율등급: 2등급, 젖은노면제동력: 3등급, UTQG 마모지수: 600(2등급), UTQG 제동력: A, UTQG 내열성: A, 추천차종 현대 넥쏘, 테슬라 모델S, 테슬라 모델3",183600
16,한국타이어 키너지 AS X EV EH01A 215/55R17,https://img.danawa.com/prod_img/500000/375/882/img/29882375_1.jpg?shrink=330:*&_v=20231109133923,"타이어, SUV, RV용, 올시즌, 전기차용, 컴포트형, 단면폭: 215mm, 편평비: 55%, 휠지름: 17인치, 에너지효율등급: 3등급, 젖은노면제동력: 2등급, UTQG 마모지수: 500(3등급), UTQG 제동력: A, UTQG 내열성: A",109490
17,한국타이어 아이온 에보 AS IH01 235/35R20,https://img.danawa.com/prod_img/500000/257/144/img/13144257_1.jpg?shrink=330:*&_v=20220929085541,"타이어, 승용차용, 올시즌, 전기차용, 컴포트형, 단면폭: 235mm, 편평비: 35%, 휠지름: 20인치, 에너지효율등급: 2등급, 젖은노면제동력: 3등급, UTQG 마모지수: 600(2등급), UTQG 제동력: A, UTQG 내열성: A, 추천차종 현대 넥쏘, 테슬라 모델S, 테슬라 모델3",334060
18,한국타이어 키너지 AS EV EH01 215/55R17,https://img.danawa.com/prod_img/500000/113/027/img/15027113_1.jpg?shrink=330:*&_v=20210818154149,"타이어, 승용차용, 올시즌, 전기차용, 컴포트형, 단면폭: 215mm, 편평비: 55%, 휠지름: 17인치, 에너지효율등급: 3등급, 젖은노면제동력: 2등급, UTQG 마모지수: 500(3등급), UTQG 제동력: A, UTQG 내열성: A, 추천차종 현대 쏘나타, 현대 코나, 기아 니로",114990
19,금호타이어 마제스티9 솔루스 TA91 EV 235/40R19,https://img.danawa.com/prod_img/500000/180/495/img/17495180_1.jpg?shrink=330:*&_v=20220720095919,"타이어, 승용차용, 올시즌, 전기차용, 컴포트형, 단면폭: 235mm, 편평비: 40%, 휠지름: 19인치, 에너지효율등급: 2등급, 젖은노면제동력: 3등급, UTQG 마모지수: 560(2등급), UTQG 제동력: AA, UTQG 내열성: A",194000
20,한국타이어 아이온 에보 AS SUV IH01A 285/45R21,https://img.danawa.com/prod_img/500000/544/462/img/28462544_1.jpg?shrink=330:*&_v=20230925125030,"타이어, SUV, RV용, 올시즌, 전기차용, 컴포트형, 단면폭: 285mm, 편평비: 45%, 휠지름: 21인치, 에너지효율등급: 2등급, 젖은노면제동력: 3등급, UTQG 마모지수: 600(2등급), UTQG 제동력: A, UTQG 내열성: A, 추천차종 현대 아이오닉5, 기아 EV6",252660
21,한국타이어 아이온 윈터 SUV IW01A 255/50R20,https://img.danawa.com/prod_img/500000/505/335/img/29335505_1.jpg?shrink=330:*&_v=20231025105159,"타이어, SUV, RV용, 겨울용, 전기차용, 컴포트형, 알파인, 단면폭: 255mm, 편평비: 50%, 휠지름: 20인치, 추천차종 기아 EV6, 테슬라 모델Y",207150
22,한국타이어 아이온 에보 AS IH01 235/45R18,https://img.danawa.com/prod_img/500000/664/980/img/17980664_1.jpg?shrink=330:*&_v=20221012165127,"타이어, 승용차용, 올시즌, 전기차용, 컴포트형, 단면폭: 235mm, 편평비: 45%, 휠지름: 18인치, 에너지효율등급: 2등급, 젖은노면제동력: 3등급, UTQG 마모지수: 600(2등급), UTQG 제동력: A, UTQG 내열성: A, 추천차종 현대 넥쏘, 테슬라 모델S, 테슬라 모델3",185600
23,한국타이어 키너지 AS X EV EH01A 235/55R19,https://img.danawa.com/prod_img/500000/399/202/img/19202399_1.jpg?shrink=330:*&_v=20230303093210,"타이어, SUV, RV용, 올시즌, 전기차용, 컴포트형, 단면폭: 235mm, 편평비: 55%, 휠지름: 19인치, 에너지효율등급: 3등급, 젖은노면제동력: 2등급, UTQG 마모지수: 500(3등급), UTQG 제동력: A, UTQG 내열성: A",133040
24,한국타이어 아이온 윈터 IW01 사일런트 225/55R18,https://img.danawa.com/prod_img/500000/292/771/img/28771292_1.jpg?shrink=330:*&_v=20231103162459,"타이어, 승용차용, 겨울용, 전기차용, 컴포트형, 저소음, 알파인, 단면폭: 225mm, 편평비: 55%, 휠지름: 18인치",149000
25,한국타이어 아이온 윈터 SUV IW01A 255/35R21,https://img.danawa.com/prod_img/500000/252/336/img/29336252_1.jpg?shrink=330:*&_v=20231025111258,"타이어, SUV, RV용, 겨울용, 전기차용, 컴포트형, 알파인, 단면폭: 255mm, 편평비: 35%, 휠지름: 21인치, 추천차종 기아 EV6, 테슬라 모델Y",267710
26,한국타이어 아이온 윈터 SUV IW01A 사일런트 255/40R20,https://img.danawa.com/prod_img/500000/755/923/img/28923755_1.jpg?shrink=330:*&_v=20231023133451,"타이어, SUV, RV용, 겨울용, 전기차용, 컴포트형, 저소음, 알파인, 단면폭: 255mm, 편평비: 40%, 휠지름: 20인치, 추천차종 기아 EV6, 테슬라 모델Y",222000
27,한국타이어 아이온 에보 AS SUV IH01A 사일런트 255/45R20,https://img.danawa.com/prod_img/500000/331/462/img/28462331_1.jpg?shrink=330:*&_v=20230925123947,"타이어, SUV, RV용, 올시즌, 전기차용, 컴포트형, 저소음, 단면폭: 255mm, 편평비: 45%, 휠지름: 20인치, 에너지효율등급: 2등급, 젖은노면제동력: 3등급, UTQG 마모지수: 600(2등급), UTQG 제동력: A, UTQG 내열성: A, 추천차종 현대 아이오닉5, 기아 EV6",196300
28,한국타이어 아이온 에보 AS IH01 사일런트 245/45R19,https://img.danawa.com/prod_img/500000/567/465/img/20465567_1.jpg?shrink=330:*&_v=20230608133201,"타이어, 승용차용, 올시즌, 전기차용, 컴포트형, 저소음, 단면폭: 245mm, 편평비: 45%, 휠지름: 19인치, 에너지효율등급: 2등급, 젖은노면제동력: 3등급, UTQG 마모지수: 600(2등급), UTQG 제동력: A, UTQG 내열성: A, 추천차종 현대 넥쏘, 테슬라 모델S, 테슬라 모델3",175800
29,넥센타이어 로디안 GTX EV 235/55R19,https://img.danawa.com/prod_img/500000/224/530/img/28530224_1.jpg?shrink=330:*&_v=20231005083621,"타이어, SUV, RV용, 올시즌, 전기차용, 단면폭: 235mm, 편평비: 55%, 휠지름: 19인치, 에너지효율등급: 4등급, 젖은노면제동력: 4등급, UTQG 마모지수: 680(1등급), UTQG 제동력: A, UTQG 내열성: A",110000
30,금호타이어 크루젠 HP71 EV 255/50R20,https://img.danawa.com/prod_img/500000/382/425/img/20425382_1.jpg?shrink=330:*&_v=20230605145133,"타이어, SUV, RV용, 올시즌, 전기차용, 컴포트형, 단면폭: 255mm, 편평비: 50%, 휠지름: 20인치, 에너지효율등급: 1등급, 젖은노면제동력: 3등급, UTQG 마모지수: 640(2등급), UTQG 제동력: A, UTQG 내열성: A",167440
31,한국타이어 아이온 에보 AS IH01 235/40R19,https://img.danawa.com/prod_img/500000/278/144/img/13144278_1.jpg?shrink=330:*&_v=20220929085804,"타이어, 승용차용, 올시즌, 전기차용, 컴포트형, 단면폭: 235mm, 편평비: 40%, 휠지름: 19인치, 에너지효율등급: 2등급, 젖은노면제동력: 3등급, UTQG 마모지수: 600(2등급), UTQG 제동력: A, UTQG 내열성: A, 추천차종 현대 넥쏘, 테슬라 모델S, 테슬라 모델3",218500
32,한국타이어 아이온 윈터 SUV IW01A 255/40R20,https://img.danawa.com/prod_img/500000/957/520/img/28520957_1.jpg?shrink=330:*&_v=20231004164440,"타이어, SUV, RV용, 겨울용, 전기차용, 컴포트형, 알파인, 단면폭: 255mm, 편평비: 40%, 휠지름: 20인치, 추천차종 기아 EV6, 테슬라 모델Y",217650
33,한국타이어 아이온 에보 AS SUV IH01A 사일런트 255/45R19,https://img.danawa.com/prod_img/500000/310/462/img/28462310_1.jpg?shrink=330:*&_v=20230925123843,"타이어, SUV, RV용, 올시즌, 전기차용, 컴포트형, 저소음, 단면폭: 255mm, 편평비: 45%, 휠지름: 19인치, 에너지효율등급: 2등급, 젖은노면제동력: 3등급, UTQG 마모지수: 600(2등급), UTQG 제동력: A, UTQG 내열성: A, 추천차종 현대 아이오닉5, 기아 EV6",201440
34,한국타이어 아이온 에보 AS SUV IH01A 255/40R21,https://img.danawa.com/prod_img/500000/390/963/img/17963390_1.jpg?shrink=330:*&_v=20221011124930,"타이어, SUV, RV용, 올시즌, 전기차용, 컴포트형, 단면폭: 255mm, 편평비: 40%, 휠지름: 21인치, 에너지효율등급: 2등급, 젖은노면제동력: 3등급, UTQG 마모지수: 600(2등급), UTQG 제동력: A, UTQG 내열성: A, 추천차종 현대 아이오닉5, 기아 EV6",216570
35,한국타이어 아이온 에보 AS SUV IH01A 255/35R21,https://img.danawa.com/prod_img/500000/378/963/img/17963378_1.jpg?shrink=330:*&_v=20221011124856,"타이어, SUV, RV용, 올시즌, 전기차용, 컴포트형, 단면폭: 255mm, 편평비: 35%, 휠지름: 21인치, 에너지효율등급: 2등급, 젖은노면제동력: 3등급, UTQG 마모지수: 600(2등급), UTQG 제동력: A, UTQG 내열성: A, 추천차종 현대 아이오닉5, 기아 EV6",323840
36,한국타이어 아이온 에보 AS SUV IH01A 255/40R20,https://img.danawa.com/prod_img/500000/384/963/img/17963384_1.jpg?shrink=330:*&_v=20221011124919,"타이어, SUV, RV용, 올시즌, 전기차용, 컴포트형, 단면폭: 255mm, 편평비: 40%, 휠지름: 20인치, 에너지효율등급: 2등급, 젖은노면제동력: 3등급, UTQG 마모지수: 600(2등급), UTQG 제동력: A, UTQG 내열성: A, 추천차종 현대 아이오닉5, 기아 EV6",262660
37,한국타이어 아이온 윈터 SUV IW01A 275/40R20,https://img.danawa.com/prod_img/500000/405/336/img/29336405_1.jpg?shrink=330:*&_v=20231025111752,"타이어, SUV, RV용, 겨울용, 전기차용, 컴포트형, 알파인, 단면폭: 275mm, 편평비: 40%, 휠지름: 20인치, 추천차종 기아 EV6, 테슬라 모델Y",259820
38,한국타이어 아이온 윈터 SUV IW01A 285/45R21,https://img.danawa.com/prod_img/500000/003/336/img/29336003_1.jpg?shrink=330:*&_v=20231025110439,"타이어, SUV, RV용, 겨울용, 전기차용, 컴포트형, 알파인, 단면폭: 285mm, 편평비: 45%, 휠지름: 21인치, 추천차종 기아 EV6, 테슬라 모델Y",297280
39,금호타이어 크루젠 HP71 EV 225/60R17,https://img.danawa.com/prod_img/500000/064/425/img/20425064_1.jpg?shrink=330:*&_v=20230605144052,"타이어, SUV, RV용, 올시즌, 전기차용, 컴포트형, 단면폭: 225mm, 편평비: 60%, 휠지름: 17인치, 에너지효율등급: 1등급, 젖은노면제동력: 3등급, UTQG 마모지수: 640(2등급), UTQG 제동력: A, UTQG 내열성: A",144800
40,한국타이어 아이온 에보 AS SUV IH01A 사일런트 265/45R21,https://img.danawa.com/prod_img/500000/069/975/img/29975069_1.jpg?shrink=330:*&_v=20231115091657,"타이어, SUV, RV용, 올시즌, 전기차용, 컴포트형, 저소음, 단면폭: 265mm, 편평비: 45%, 휠지름: 21인치, 에너지효율등급: 2등급, 젖은노면제동력: 3등급, UTQG 마모지수: 600(2등급), UTQG 제동력: A, UTQG 내열성: A, 추천차종 현대 아이오닉5, 기아 EV6",273750
41,금호타이어 솔루스 TA31 EV 205/60R16,https://img.danawa.com/prod_img/500000/796/425/img/20425796_1.jpg?shrink=330:*&_v=20230605150304,"타이어, 승용차용, 올시즌, 전기차용, 컴포트형, 단면폭: 205mm, 편평비: 60%, 휠지름: 16인치, 에너지효율등급: 3등급, 젖은노면제동력: 3등급, UTQG 마모지수: 500(3등급), UTQG 제동력: A, UTQG 내열성: A",149120
42,한국타이어 아이온 윈터 IW01 265/35R21,https://img.danawa.com/prod_img/500000/485/318/img/18318485_1.jpg?shrink=330:*&_v=20221118082512,"타이어, 승용차용, 겨울용, 전기차용, 컴포트형, 알파인, 단면폭: 265mm, 편평비: 35%, 휠지름: 21인치",272330
43,한국타이어 아이온 윈터 SUV IW01A 사일런트 255/45R19,https://img.danawa.com/prod_img/500000/818/923/img/28923818_1.jpg?shrink=330:*&_v=20231023133550,"타이어, SUV, RV용, 겨울용, 전기차용, 컴포트형, 저소음, 알파인, 단면폭: 255mm, 편평비: 45%, 휠지름: 19인치, 추천차종 기아 EV6, 테슬라 모델Y",192000
44,한국타이어 아이온 에보 AS SUV IH01A 사일런트 285/45R21,https://img.danawa.com/prod_img/500000/568/462/img/28462568_1.jpg?shrink=330:*&_v=20230925125143,"타이어, SUV, RV용, 올시즌, 전기차용, 컴포트형, 저소음, 단면폭: 285mm, 편평비: 45%, 휠지름: 21인치, 에너지효율등급: 2등급, 젖은노면제동력: 3등급, UTQG 마모지수: 600(2등급), UTQG 제동력: A, UTQG 내열성: A, 추천차종 현대 아이오닉5, 기아 EV6",277560
45,한국타이어 아이온 윈터 IW01 245/45R19,https://img.danawa.com/prod_img/500000/919/828/img/28828919_1.jpg?shrink=330:*&_v=20231018123518,"타이어, 승용차용, 겨울용, 전기차용, 컴포트형, 알파인, 단면폭: 245mm, 편평비: 45%, 휠지름: 19인치",176150
46,금호타이어 마제스티9 솔루스 TA91 EV 225/55R18,https://img.danawa.com/prod_img/500000/280/798/img/28798280_1.jpg?shrink=330:*&_v=20231017085451,"타이어, 승용차용, 올시즌, 전기차용, 컴포트형, 단면폭: 225mm, 편평비: 55%, 휠지름: 18인치, 에너지효율등급: 2등급, 젖은노면제동력: 3등급, UTQG 마모지수: 560(2등급), UTQG 제동력: AA, UTQG 내열성: A",일시품절
47,한국타이어 아이온 윈터 IW01 245/45R20,https://img.danawa.com/prod_img/500000/479/622/img/29622479_1.jpg?shrink=330:*&_v=20231031142355,"타이어, 승용차용, 겨울용, 전기차용, 컴포트형, 알파인, 단면폭: 245mm, 편평비: 45%, 휠지름: 20인치",191940
48,한국타이어 아이온 에보 AS IH01 사일런트 225/55R18,https://img.danawa.com/prod_img/500000/844/974/img/29974844_1.jpg?shrink=330:*&_v=20231115085715,"타이어, 승용차용, 올시즌, 전기차용, 컴포트형, 저소음, 단면폭: 225mm, 편평비: 55%, 휠지름: 18인치, 에너지효율등급: 2등급, 젖은노면제동력: 3등급, UTQG 마모지수: 600(2등급), UTQG 제동력: A, UTQG 내열성: A, 추천차종 현대 넥쏘, 테슬라 모델S, 테슬라 모델3",166460
49,금호타이어 솔루스 TA31 EV 215/50R17,https://img.danawa.com/prod_img/500000/934/425/img/20425934_1.jpg?shrink=330:*&_v=20230605150845,"타이어, 승용차용, 올시즌, 전기차용, 컴포트형, 단면폭: 215mm, 편평비: 50%, 휠지름: 17인치, 에너지효율등급: 3등급, 젖은노면제동력: 4등급, UTQG 마모지수: 500(3등급), UTQG 제동력: A, UTQG 내열성: A",111000
50,한국타이어 아이온 에보 AS SUV IH01A 255/45R19,https://img.danawa.com/prod_img/500000/353/144/img/13144353_1.jpg?shrink=330:*&_v=20220929091128,"타이어, SUV, RV용, 올시즌, 전기차용, 컴포트형, 단면폭: 255mm, 편평비: 45%, 휠지름: 19인치, 에너지효율등급: 2등급, 젖은노면제동력: 3등급, UTQG 마모지수: 600(2등급), UTQG 제동력: A, UTQG 내열성: A, 추천차종 현대 아이오닉5, 기아 EV6",213810
51,한국타이어 아이온 에보 AS SUV IH01A 235/50R20,https://img.danawa.com/prod_img/500000/177/874/img/19874177_1.jpg?shrink=330:*&_v=20230420173406,"타이어, SUV, RV용, 올시즌, 전기차용, 컴포트형, 단면폭: 235mm, 편평비: 50%, 휠지름: 20인치, 에너지효율등급: 2등급, 젖은노면제동력: 3등급, UTQG 마모지수: 600(2등급), UTQG 제동력: A, UTQG 내열성: A, 추천차종 현대 아이오닉5, 기아 EV6",255860
52,한국타이어 아이온 에보 AS SUV IH01A 사일런트 235/50R20,https://img.danawa.com/prod_img/500000/676/462/img/28462676_1.jpg?shrink=330:*&_v=20230925125604,"타이어, SUV, RV용, 올시즌, 전기차용, 컴포트형, 저소음, 단면폭: 235mm, 편평비: 50%, 휠지름: 20인치, 에너지효율등급: 2등급, 젖은노면제동력: 3등급, UTQG 마모지수: 600(2등급), UTQG 제동력: A, UTQG 내열성: A, 추천차종 현대 아이오닉5, 기아 EV6",241120
53,미쉐린타이어 파일럿 스포츠 EV 255/40R20,https://img.danawa.com/prod_img/500000/092/719/img/19719092_1.jpg?shrink=330:*&_v=20230411090320,"타이어, 승용차용, 여름용, 전기차용, 단면폭: 255mm, 편평비: 40%, 휠지름: 20인치, 에너지효율등급: 1등급, 젖은노면제동력: 2등급, UTQG 마모지수: 320(4등급), UTQG 제동력: AA, UTQG 내열성: A",518410
54,한국타이어 아이온 윈터 IW01 235/45R18,https://img.danawa.com/prod_img/500000/398/622/img/29622398_1.jpg?shrink=330:*&_v=20231031142112,"타이어, 승용차용, 겨울용, 전기차용, 컴포트형, 알파인, 단면폭: 235mm, 편평비: 45%, 휠지름: 18인치",156410
55,미쉐린타이어 파일럿 스포츠 EV 275/35R22,https://img.danawa.com/prod_img/500000/624/004/img/19004624_1.jpg?shrink=330:*&_v=20230213083711,"타이어, 승용차용, 여름용, 전기차용, 단면폭: 275mm, 편평비: 35%, 휠지름: 22인치, 에너지효율등급: 1등급, 젖은노면제동력: 2등급, UTQG 마모지수: 320(4등급), UTQG 제동력: AA, UTQG 내열성: A",610480
56,금호타이어 솔루스 TA31 EV 215/55R17,https://img.danawa.com/prod_img/500000/688/425/img/20425688_1.jpg?shrink=330:*&_v=20230605150031,"타이어, 승용차용, 올시즌, 전기차용, 컴포트형, 단면폭: 215mm, 편평비: 55%, 휠지름: 17인치, 에너지효율등급: 4등급, 젖은노면제동력: 3등급, UTQG 마모지수: 500(3등급), UTQG 제동력: A, UTQG 내열성: A",110000
57,한국타이어 아이온 윈터 IW01 사일런트 245/40R20,https://img.danawa.com/prod_img/500000/625/771/img/28771625_1.jpg?shrink=330:*&_v=20231016130835,"타이어, 승용차용, 겨울용, 전기차용, 컴포트형, 저소음, 알파인, 단면폭: 245mm, 편평비: 40%, 휠지름: 20인치",219000
58,한국타이어 아이온 윈터 SUV IW01A 사일런트 255/45R20,https://img.danawa.com/prod_img/500000/537/164/img/13164537_1.jpg?shrink=330:*&_v=20231103161602,"타이어, SUV, RV용, 겨울용, 전기차용, 컴포트형, 저소음, 알파인, 단면폭: 255mm, 편평비: 45%, 휠지름: 20인치, 추천차종 기아 EV6, 테슬라 모델Y",212000
59,한국타이어 아이온 윈터 SUV IW01A 235/50R20,https://img.danawa.com/prod_img/500000/431/318/img/18318431_1.jpg?shrink=330:*&_v=20221118081448,"타이어, SUV, RV용, 겨울용, 전기차용, 컴포트형, 알파인, 단면폭: 235mm, 편평비: 50%, 휠지름: 20인치, 추천차종 기아 EV6, 테슬라 모델Y",172880
60,한국타이어 아이온 윈터 SUV IW01A 245/40R21,https://img.danawa.com/prod_img/500000/118/828/img/28828118_1.jpg?shrink=330:*&_v=20231018105820,"타이어, SUV, RV용, 겨울용, 전기차용, 컴포트형, 알파인, 단면폭: 245mm, 편평비: 40%, 휠지름: 21인치, 추천차종 기아 EV6, 테슬라 모델Y",233440
61,한국타이어 아이온 윈터 IW01 245/40R19,https://img.danawa.com/prod_img/500000/125/521/img/28521125_1.jpg?shrink=330:*&_v=20231004165049,"타이어, 승용차용, 겨울용, 전기차용, 컴포트형, 알파인, 단면폭: 245mm, 편평비: 40%, 휠지름: 19인치",183380
62,한국타이어 아이온 에보 AS SUV IH01A 사일런트 255/40R21,https://img.danawa.com/prod_img/500000/423/725/img/18725423_1.jpg?shrink=330:*&_v=20230111093227,"타이어, SUV, RV용, 올시즌, 전기차용, 컴포트형, 저소음, 단면폭: 255mm, 편평비: 40%, 휠지름: 21인치, 에너지효율등급: 2등급, 젖은노면제동력: 3등급, UTQG 마모지수: 600(2등급), UTQG 제동력: A, UTQG 내열성: A, 추천차종 현대 아이오닉5, 기아 EV6",203940
63,한국타이어 아이온 윈터 SUV IW01A 사일런트 275/40R22,https://img.danawa.com/prod_img/500000/803/770/img/28770803_1.jpg?shrink=330:*&_v=20231016123117,"타이어, SUV, RV용, 겨울용, 전기차용, 컴포트형, 저소음, 알파인, 단면폭: 275mm, 편평비: 40%, 휠지름: 22인치, 추천차종 기아 EV6, 테슬라 모델Y",293000
64,한국타이어 아이온 에보 AS IH01 245/45R19 4P,https://img.danawa.com/prod_img/500000/923/239/img/19239923_1.jpg?shrink=330:*&_v=20230307102119,"타이어, 승용차용, 올시즌, 전기차용, 컴포트형, 단면폭: 245mm, 편평비: 45%, 휠지름: 19인치, 에너지효율등급: 2등급, 젖은노면제동력: 3등급, UTQG 마모지수: 600(2등급), UTQG 제동력: A, UTQG 내열성: A, 타이어경도: 4P, 추천차종 현대 넥쏘, 테슬라 모델S, 테슬라 모델3",217830
65,한국타이어 아이온 윈터 SUV IW01A 235/45R20,https://img.danawa.com/prod_img/500000/271/335/img/29335271_1.jpg?shrink=330:*&_v=20231025104551,"타이어, SUV, RV용, 겨울용, 전기차용, 컴포트형, 알파인, 단면폭: 235mm, 편평비: 45%, 휠지름: 20인치, 추천차종 기아 EV6, 테슬라 모델Y",195910
66,한국타이어 아이온 윈터 IW01 255/40R19,https://img.danawa.com/prod_img/500000/500/622/img/29622500_1.jpg?shrink=330:*&_v=20231031142430,"타이어, 승용차용, 겨울용, 전기차용, 컴포트형, 알파인, 단면폭: 255mm, 편평비: 40%, 휠지름: 19인치",193290
67,한국타이어 키너지 AS EV EH01 사일런트 215/55R17,https://img.danawa.com/prod_img/500000/171/421/img/16421171_1.jpg?shrink=330:*&_v=20220217112744,"타이어, 승용차용, 올시즌, 전기차용, 컴포트형, 저소음, 단면폭: 215mm, 편평비: 55%, 휠지름: 17인치, 에너지효율등급: 3등급, 젖은노면제동력: 2등급, UTQG 마모지수: 500(3등급), UTQG 제동력: A, UTQG 내열성: A, 추천차종 현대 쏘나타, 현대 코나, 기아 니로",134180
68,미쉐린타이어 파일럿 스포츠 EV 255/50R20,https://img.danawa.com/prod_img/500000/225/800/img/18800225_1.jpg?shrink=330:*&_v=20230119102653,"타이어, 승용차용, 여름용, 전기차용, 단면폭: 255mm, 편평비: 50%, 휠지름: 20인치, 에너지효율등급: 1등급, 젖은노면제동력: 2등급, UTQG 마모지수: 320(4등급), UTQG 제동력: AA, UTQG 내열성: A",579420
69,콘티넨탈타이어 콘티 E 콘택트 125/80R13,https://img.danawa.com/prod_img/500000/657/486/img/6486657_1.jpg?shrink=330:*&_v=20210106141145,"타이어, 승용차용, 여름용, 전기차용, 단면폭: 125mm, 편평비: 80%, 휠지름: 13인치",78000
70,금호타이어 솔루스 TA31 EV 205/55R16,https://img.danawa.com/prod_img/500000/727/425/img/20425727_1.jpg?shrink=330:*&_v=20230605150130,"타이어, 승용차용, 올시즌, 전기차용, 컴포트형, 단면폭: 205mm, 편평비: 55%, 휠지름: 16인치, 에너지효율등급: 3등급, 젖은노면제동력: 3등급, UTQG 마모지수: 500(3등급), UTQG 제동력: A, UTQG 내열성: A",123670
71,미쉐린타이어 파일럿 스포츠 EV 265/40R21,https://img.danawa.com/prod_img/500000/297/333/img/29333297_1.jpg?shrink=330:*&_v=20231025091642,"타이어, 승용차용, 여름용, 전기차용, 단면폭: 265mm, 편평비: 40%, 휠지름: 21인치, 에너지효율등급: 1등급, 젖은노면제동력: 2등급, UTQG 마모지수: 320(4등급), UTQG 제동력: AA, UTQG 내열성: A",839120
72,한국타이어 아이온 에보 AS IH01 사일런트 265/40R21,https://img.danawa.com/prod_img/500000/907/974/img/29974907_1.jpg?shrink=330:*&_v=20231115090152,"타이어, 승용차용, 올시즌, 전기차용, 컴포트형, 저소음, 단면폭: 265mm, 편평비: 40%, 휠지름: 21인치, 에너지효율등급: 2등급, 젖은노면제동력: 3등급, UTQG 마모지수: 600(2등급), UTQG 제동력: A, UTQG 내열성: A, 추천차종 현대 넥쏘, 테슬라 모델S, 테슬라 모델3",314640
73,한국타이어 아이온 윈터 SUV IW01A 사일런트 255/50R20,https://img.danawa.com/prod_img/500000/791/770/img/28770791_1.jpg?shrink=330:*&_v=20231016123004,"타이어, SUV, RV용, 겨울용, 전기차용, 컴포트형, 저소음, 알파인, 단면폭: 255mm, 편평비: 50%, 휠지름: 20인치, 추천차종 기아 EV6, 테슬라 모델Y",211000
74,한국타이어 아이온 에보 AS SUV IH01A 275/35R21,https://img.danawa.com/prod_img/500000/509/318/img/18318509_1.jpg?shrink=330:*&_v=20221118082949,"타이어, SUV, RV용, 올시즌, 전기차용, 컴포트형, 단면폭: 275mm, 편평비: 35%, 휠지름: 21인치, 에너지효율등급: 2등급, 젖은노면제동력: 3등급, UTQG 마모지수: 600(2등급), UTQG 제동력: A, UTQG 내열성: A, 추천차종 현대 아이오닉5, 기아 EV6",336720
75,한국타이어 벤투스 S1 에보3 K127E 255/45R19 4P,https://img.danawa.com/prod_img/500000/976/201/img/19201976_1.jpg?shrink=330:*&_v=20230303084137,"타이어, 승용차용, 여름용, 전기차용, 스포츠형, 단면폭: 255mm, 편평비: 45%, 휠지름: 19인치, 에너지효율등급: 4등급, 젖은노면제동력: 1등급, 타이어경도: 4P",273220
76,한국타이어 키너지 AS EV EH01 사일런트 205/55R16,https://img.danawa.com/prod_img/500000/150/421/img/16421150_1.jpg?shrink=330:*&_v=20220217112636,"타이어, 승용차용, 올시즌, 전기차용, 컴포트형, 저소음, 단면폭: 205mm, 편평비: 55%, 휠지름: 16인치, 에너지효율등급: 3등급, 젖은노면제동력: 2등급, UTQG 마모지수: 500(3등급), UTQG 제동력: A, UTQG 내열성: A, 추천차종 현대 쏘나타, 현대 코나, 기아 니로",128270
77,한국타이어 아이온 에보 AS SUV IH01A 255/45R19 4P,https://img.danawa.com/prod_img/500000/746/239/img/19239746_1.jpg?shrink=330:*&_v=20230307101034,"타이어, SUV, RV용, 올시즌, 전기차용, 컴포트형, 단면폭: 255mm, 편평비: 45%, 휠지름: 19인치, 에너지효율등급: 2등급, 젖은노면제동력: 3등급, UTQG 마모지수: 600(2등급), UTQG 제동력: A, UTQG 내열성: A, 타이어경도: 4P, 추천차종 현대 아이오닉5, 기아 EV6",247760
78,한국타이어 아이온 에보 AS IH01 사일런트 235/35R20,https://img.danawa.com/prod_img/500000/284/463/img/20463284_1.jpg?shrink=330:*&_v=20230608123133,"타이어, 승용차용, 올시즌, 전기차용, 컴포트형, 저소음, 단면폭: 235mm, 편평비: 35%, 휠지름: 20인치, 에너지효율등급: 2등급, 젖은노면제동력: 3등급, UTQG 마모지수: 600(2등급), UTQG 제동력: A, UTQG 내열성: A, 추천차종 현대 넥쏘, 테슬라 모델S, 테슬라 모델3",314740
79,한국타이어 아이온 에보 AS IH01 265/35R21,https://img.danawa.com/prod_img/500000/284/144/img/13144284_1.jpg?shrink=330:*&_v=20220929085910,"타이어, 승용차용, 올시즌, 전기차용, 컴포트형, 단면폭: 265mm, 편평비: 35%, 휠지름: 21인치, 에너지효율등급: 2등급, 젖은노면제동력: 3등급, UTQG 마모지수: 600(2등급), UTQG 제동력: A, UTQG 내열성: A, 추천차종 현대 넥쏘, 테슬라 모델S, 테슬라 모델3",355220
80,한국타이어 아이온 에보 AS IH01 사일런트 235/40R19,https://img.danawa.com/prod_img/500000/135/874/img/19874135_1.jpg?shrink=330:*&_v=20230420173206,"타이어, 승용차용, 올시즌, 전기차용, 컴포트형, 저소음, 단면폭: 235mm, 편평비: 40%, 휠지름: 19인치, 에너지효율등급: 2등급, 젖은노면제동력: 3등급, UTQG 마모지수: 600(2등급), UTQG 제동력: A, UTQG 내열성: A, 추천차종 현대 넥쏘, 테슬라 모델S, 테슬라 모델3",205930
81,한국타이어 키너지 AS EV EH01 215/50R17,https://img.danawa.com/prod_img/500000/599/541/img/6541599_1.jpg?shrink=330:*&_v=20201027172817,"타이어, 승용차용, 올시즌, 전기차용, 컴포트형, 단면폭: 215mm, 편평비: 50%, 휠지름: 17인치, 에너지효율등급: 3등급, 젖은노면제동력: 2등급, UTQG 마모지수: 500(3등급), UTQG 제동력: A, UTQG 내열성: A, 추천차종 현대 쏘나타, 현대 코나, 기아 니로",177660
82,금호타이어 마제스티9 솔루스 TA91 EV 255/45R19,https://img.danawa.com/prod_img/500000/289/798/img/28798289_1.jpg?shrink=330:*&_v=20231017085602,"타이어, 승용차용, 올시즌, 전기차용, 컴포트형, 단면폭: 255mm, 편평비: 45%, 휠지름: 19인치, 에너지효율등급: 2등급, 젖은노면제동력: 3등급, UTQG 마모지수: 560(2등급), UTQG 제동력: AA, UTQG 내열성: A",일시품절
83,한국타이어 아이온 에보 AS SUV IH01A 사일런트 255/40R20,https://img.danawa.com/prod_img/500000/249/874/img/19874249_1.jpg?shrink=330:*&_v=20230420174000,"타이어, SUV, RV용, 올시즌, 전기차용, 컴포트형, 저소음, 단면폭: 255mm, 편평비: 40%, 휠지름: 20인치, 에너지효율등급: 2등급, 젖은노면제동력: 3등급, UTQG 마모지수: 600(2등급), UTQG 제동력: A, UTQG 내열성: A, 추천차종 현대 아이오닉5, 기아 EV6",247510
84,한국타이어 아이온 윈터 SUV IW01A 265/45R21,https://img.danawa.com/prod_img/500000/461/318/img/18318461_1.jpg?shrink=330:*&_v=20221118082227,"타이어, SUV, RV용, 겨울용, 전기차용, 컴포트형, 알파인, 단면폭: 265mm, 편평비: 45%, 휠지름: 21인치, 추천차종 기아 EV6, 테슬라 모델Y",248560
85,한국타이어 아이온 윈터 IW01 사일런트 245/45R19,https://img.danawa.com/prod_img/500000/640/771/img/28771640_1.jpg?shrink=330:*&_v=20231016130902,"타이어, 승용차용, 겨울용, 전기차용, 컴포트형, 저소음, 알파인, 단면폭: 245mm, 편평비: 45%, 휠지름: 19인치",180000
86,한국타이어 아이온 에보 AS IH01 245/35R21,https://img.danawa.com/prod_img/500000/281/144/img/13144281_1.jpg?shrink=330:*&_v=20220929085852,"타이어, 승용차용, 올시즌, 전기차용, 컴포트형, 단면폭: 245mm, 편평비: 35%, 휠지름: 21인치, 에너지효율등급: 2등급, 젖은노면제동력: 3등급, UTQG 마모지수: 600(2등급), UTQG 제동력: A, UTQG 내열성: A, 추천차종 현대 넥쏘, 테슬라 모델S, 테슬라 모델3",326600
87,한국타이어 아이온 윈터 SUV IW01A 사일런트 275/35R21,https://img.danawa.com/prod_img/500000/118/924/img/28924118_1.jpg?shrink=330:*&_v=20231023134520,"타이어, SUV, RV용, 겨울용, 전기차용, 컴포트형, 저소음, 알파인, 단면폭: 275mm, 편평비: 35%, 휠지름: 21인치, 추천차종 기아 EV6, 테슬라 모델Y",283000
88,한국타이어 아이온 윈터 SUV IW01A 255/40R21,https://img.danawa.com/prod_img/500000/592/828/img/28828592_1.jpg?shrink=330:*&_v=20231018111446,"타이어, SUV, RV용, 겨울용, 전기차용, 컴포트형, 알파인, 단면폭: 255mm, 편평비: 40%, 휠지름: 21인치, 추천차종 기아 EV6, 테슬라 모델Y",265020
89,한국타이어 아이온 에보 IK01 사일런트 245/45R19,https://img.danawa.com/prod_img/500000/625/805/img/27805625_1.jpg?shrink=330:*&_v=20230828095557,"타이어, 승용차용, 전기차용, 스포츠형, 저소음, 단면폭: 245mm, 편평비: 45%, 휠지름: 19인치, UTQG 마모지수: 320(4등급), UTQG 제동력: AA, UTQG 내열성: A, 추천차종 테슬라 모델S, 아우디 e-트론 GT",229060
90,미쉐린타이어 파일럿 스포츠 EV 275/40R22,https://img.danawa.com/prod_img/500000/306/800/img/18800306_1.jpg?shrink=330:*&_v=20230119103116,"타이어, 승용차용, 여름용, 전기차용, 단면폭: 275mm, 편평비: 40%, 휠지름: 22인치, 에너지효율등급: 1등급, 젖은노면제동력: 2등급, UTQG 마모지수: 320(4등급), UTQG 제동력: AA, UTQG 내열성: A",683800
91,한국타이어 아이온 에보 AS SUV IH01A 사일런트 255/35R21,https://img.danawa.com/prod_img/500000/270/725/img/18725270_1.jpg?shrink=330:*&_v=20230111092109,"타이어, SUV, RV용, 올시즌, 전기차용, 컴포트형, 저소음, 단면폭: 255mm, 편평비: 35%, 휠지름: 21인치, 에너지효율등급: 2등급, 젖은노면제동력: 3등급, UTQG 마모지수: 600(2등급), UTQG 제동력: A, UTQG 내열성: A, 추천차종 현대 아이오닉5, 기아 EV6",305110
92,한국타이어 키너지 AS X EV EH01A 255/50R19,https://img.danawa.com/prod_img/500000/411/202/img/19202411_1.jpg?shrink=330:*&_v=20230303093235,"타이어, SUV, RV용, 올시즌, 전기차용, 컴포트형, 단면폭: 255mm, 편평비: 50%, 휠지름: 19인치, 에너지효율등급: 3등급, 젖은노면제동력: 2등급, UTQG 마모지수: 500(3등급), UTQG 제동력: A, UTQG 내열성: A",137950
93,한국타이어 아이온 윈터 IW01 사일런트 245/40R19,https://img.danawa.com/prod_img/500000/565/771/img/28771565_1.jpg?shrink=330:*&_v=20231016130621,"타이어, 승용차용, 겨울용, 전기차용, 컴포트형, 저소음, 알파인, 단면폭: 245mm, 편평비: 40%, 휠지름: 19인치",187000
94,한국타이어 아이온 에보 AS SUV IH01A 사일런트 275/35R21,https://img.danawa.com/prod_img/500000/447/725/img/18725447_1.jpg?shrink=330:*&_v=20230111093334,"타이어, SUV, RV용, 올시즌, 전기차용, 컴포트형, 저소음, 단면폭: 275mm, 편평비: 35%, 휠지름: 21인치, 에너지효율등급: 2등급, 젖은노면제동력: 3등급, UTQG 마모지수: 600(2등급), UTQG 제동력: A, UTQG 내열성: A, 추천차종 현대 아이오닉5, 기아 EV6",317310
95,미쉐린타이어 파일럿 스포츠 EV 235/55R19,https://img.danawa.com/prod_img/500000/078/800/img/18800078_1.jpg?shrink=330:*&_v=20230119101942,"타이어, 승용차용, 여름용, 전기차용, 단면폭: 235mm, 편평비: 55%, 휠지름: 19인치, 에너지효율등급: 1등급, 젖은노면제동력: 2등급, UTQG 마모지수: 320(4등급), UTQG 제동력: AA, UTQG 내열성: A",322650
96,한국타이어 아이온 에보 AS IH01 사일런트 245/40R20,https://img.danawa.com/prod_img/500000/865/974/img/29974865_1.jpg?shrink=330:*&_v=20231115085825,"타이어, 승용차용, 올시즌, 전기차용, 컴포트형, 저소음, 단면폭: 245mm, 편평비: 40%, 휠지름: 20인치, 에너지효율등급: 2등급, 젖은노면제동력: 3등급, UTQG 마모지수: 600(2등급), UTQG 제동력: A, UTQG 내열성: A, 추천차종 현대 넥쏘, 테슬라 모델S, 테슬라 모델3",243750
97,한국타이어 아이온 에보 AS SUV IH01A 255/45R20 4P,https://img.danawa.com/prod_img/500000/978/889/img/19889978_1.jpg?shrink=330:*&_v=20230421171831,"타이어, SUV, RV용, 올시즌, 전기차용, 컴포트형, 단면폭: 255mm, 편평비: 45%, 휠지름: 20인치, 에너지효율등급: 2등급, 젖은노면제동력: 3등급, UTQG 마모지수: 600(2등급), UTQG 제동력: A, UTQG 내열성: A, 타이어경도: 4P, 추천차종 현대 아이오닉5, 기아 EV6",241820
98,미쉐린타이어 파일럿 스포츠 EV 255/45R19,https://img.danawa.com/prod_img/500000/068/719/img/19719068_1.jpg?shrink=330:*&_v=20230411090206,"타이어, 승용차용, 여름용, 전기차용, 단면폭: 255mm, 편평비: 45%, 휠지름: 19인치, 에너지효율등급: 1등급, 젖은노면제동력: 2등급, UTQG 마모지수: 320(4등급), UTQG 제동력: AA, UTQG 내열성: A",409350
99,한국타이어 아이온 윈터 SUV IW01A 275/45R20,https://img.danawa.com/prod_img/500000/949/335/img/29335949_1.jpg?shrink=330:*&_v=20231025110323,"타이어, SUV, RV용, 겨울용, 전기차용, 컴포트형, 알파인, 단면폭: 275mm, 편평비: 45%, 휠지름: 20인치, 추천차종 기아 EV6, 테슬라 모델Y",272330
100,한국타이어 아이온 윈터 IW01 245/40R20,https://img.danawa.com/prod_img/500000/449/622/img/29622449_1.jpg?shrink=330:*&_v=20231031142302,"타이어, 승용차용, 겨울용, 전기차용, 컴포트형, 알파인, 단면폭: 245mm, 편평비: 40%, 휠지름: 20인치",214370
101,한국타이어 아이온 에보 IK01 245/45R19,https://img.danawa.com/prod_img/500000/766/541/img/21541766_1.jpg?shrink=330:*&_v=20230714123921,"타이어, 승용차용, 전기차용, 스포츠형, 단면폭: 245mm, 편평비: 45%, 휠지름: 19인치, UTQG 마모지수: 320(4등급), UTQG 제동력: AA, UTQG 내열성: A, 추천차종 테슬라 모델S, 아우디 e-트론 GT",226000
102,한국타이어 아이온 윈터 SUV IW01A 사일런트 275/40R20,https://img.danawa.com/prod_img/500000/166/924/img/28924166_1.jpg?shrink=330:*&_v=20231023134648,"타이어, SUV, RV용, 겨울용, 전기차용, 컴포트형, 저소음, 알파인, 단면폭: 275mm, 편평비: 40%, 휠지름: 20인치, 추천차종 기아 EV6, 테슬라 모델Y",265000
103,한국타이어 아이온 윈터 SUV IW01A 255/50R19,https://img.danawa.com/prod_img/500000/496/335/img/29335496_1.jpg?shrink=330:*&_v=20231025105137,"타이어, SUV, RV용, 겨울용, 전기차용, 컴포트형, 알파인, 단면폭: 255mm, 편평비: 50%, 휠지름: 19인치, 추천차종 기아 EV6, 테슬라 모델Y",179430
104,한국타이어 아이온 에보 IK01 사일런트 265/35R21,https://img.danawa.com/prod_img/500000/640/805/img/27805640_1.jpg?shrink=330:*&_v=20230828095629,"타이어, 승용차용, 전기차용, 스포츠형, 저소음, 단면폭: 265mm, 편평비: 35%, 휠지름: 21인치, UTQG 마모지수: 320(4등급), UTQG 제동력: AA, UTQG 내열성: A, 추천차종 테슬라 모델S, 아우디 e-트론 GT",388190
105,한국타이어 아이온 윈터 SUV IW01A 사일런트 235/50R20,https://img.danawa.com/prod_img/500000/540/164/img/13164540_1.jpg?shrink=330:*&_v=20231103161632,"타이어, SUV, RV용, 겨울용, 전기차용, 컴포트형, 저소음, 알파인, 단면폭: 235mm, 편평비: 50%, 휠지름: 20인치, 추천차종 기아 EV6, 테슬라 모델Y",172000
106,한국타이어 아이온 에보 AS IH01 235/45R18 4P,https://img.danawa.com/prod_img/500000/286/354/img/19354286_1.jpg?shrink=330:*&_v=20230314160430,"타이어, 승용차용, 올시즌, 전기차용, 컴포트형, 단면폭: 235mm, 편평비: 45%, 휠지름: 18인치, 에너지효율등급: 2등급, 젖은노면제동력: 3등급, UTQG 마모지수: 600(2등급), UTQG 제동력: A, UTQG 내열성: A, 타이어경도: 4P, 추천차종 현대 넥쏘, 테슬라 모델S, 테슬라 모델3",218370
107,한국타이어 아이온 윈터 IW01 305/30R21,https://img.danawa.com/prod_img/500000/491/318/img/18318491_1.jpg?shrink=330:*&_v=20221118082652,"타이어, 승용차용, 겨울용, 전기차용, 컴포트형, 알파인, 단면폭: 305mm, 편평비: 30%, 휠지름: 21인치",312480
108,한국타이어 벤투스 S1 에보3 K127E 275/45R19 4P,https://img.danawa.com/prod_img/500000/012/202/img/19202012_1.jpg?shrink=330:*&_v=20230303084612,"타이어, 승용차용, 여름용, 전기차용, 스포츠형, 단면폭: 275mm, 편평비: 45%, 휠지름: 19인치, 에너지효율등급: 4등급, 젖은노면제동력: 1등급, 타이어경도: 4P",284130
109,한국타이어 아이온 에보 AS IH01 265/35R21 4P,https://img.danawa.com/prod_img/500000/938/239/img/19239938_1.jpg?shrink=330:*&_v=20230307102206,"타이어, 승용차용, 올시즌, 전기차용, 컴포트형, 단면폭: 265mm, 편평비: 35%, 휠지름: 21인치, 에너지효율등급: 2등급, 젖은노면제동력: 3등급, UTQG 마모지수: 600(2등급), UTQG 제동력: A, UTQG 내열성: A, 타이어경도: 4P, 추천차종 현대 넥쏘, 테슬라 모델S, 테슬라 모델3",408580
110,한국타이어 아이온 에보 AS IH01 245/35R21 4P,https://img.danawa.com/prod_img/500000/887/239/img/19239887_1.jpg?shrink=330:*&_v=20230307101926,"타이어, 승용차용, 올시즌, 전기차용, 컴포트형, 단면폭: 245mm, 편평비: 35%, 휠지름: 21인치, 에너지효율등급: 2등급, 젖은노면제동력: 3등급, UTQG 마모지수: 600(2등급), UTQG 제동력: A, UTQG 내열성: A, 타이어경도: 4P, 추천차종 현대 넥쏘, 테슬라 모델S, 테슬라 모델3",377190
111,한국타이어 아이온 에보 AS IH01 235/35R20 4P,https://img.danawa.com/prod_img/500000/803/239/img/19239803_1.jpg?shrink=330:*&_v=20230307101454,"타이어, 승용차용, 올시즌, 전기차용, 컴포트형, 단면폭: 235mm, 편평비: 35%, 휠지름: 20인치, 에너지효율등급: 2등급, 젖은노면제동력: 3등급, UTQG 마모지수: 600(2등급), UTQG 제동력: A, UTQG 내열성: A, 타이어경도: 4P, 추천차종 현대 넥쏘, 테슬라 모델S, 테슬라 모델3",375580
112,한국타이어 아이온 에보 AS SUV IH01A 275/35R21 4P,https://img.danawa.com/prod_img/500000/497/239/img/19239497_1.jpg?shrink=330:*&_v=20230307095747,"타이어, SUV, RV용, 올시즌, 전기차용, 컴포트형, 단면폭: 275mm, 편평비: 35%, 휠지름: 21인치, 에너지효율등급: 2등급, 젖은노면제동력: 3등급, UTQG 마모지수: 600(2등급), UTQG 제동력: A, UTQG 내열성: A, 타이어경도: 4P, 추천차종 현대 아이오닉5, 기아 EV6",388370
113,한국타이어 아이온 에보 AS SUV IH01A 255/40R21 4P,https://img.danawa.com/prod_img/500000/308/239/img/19239308_1.jpg?shrink=330:*&_v=20230307094932,"타이어, SUV, RV용, 올시즌, 전기차용, 컴포트형, 단면폭: 255mm, 편평비: 40%, 휠지름: 21인치, 에너지효율등급: 2등급, 젖은노면제동력: 3등급, UTQG 마모지수: 600(2등급), UTQG 제동력: A, UTQG 내열성: A, 타이어경도: 4P, 추천차종 현대 아이오닉5, 기아 EV6",255930
114,한국타이어 아이온 에보 AS SUV IH01A 255/40R20 4P,https://img.danawa.com/prod_img/500000/302/239/img/19239302_1.jpg?shrink=330:*&_v=20230307094921,"타이어, SUV, RV용, 올시즌, 전기차용, 컴포트형, 단면폭: 255mm, 편평비: 40%, 휠지름: 20인치, 에너지효율등급: 2등급, 젖은노면제동력: 3등급, UTQG 마모지수: 600(2등급), UTQG 제동력: A, UTQG 내열성: A, 타이어경도: 4P, 추천차종 현대 아이오닉5, 기아 EV6",301680
115,한국타이어 아이온 에보 AS SUV IH01A 255/35R21 4P,https://img.danawa.com/prod_img/500000/212/239/img/19239212_1.jpg?shrink=330:*&_v=20230307094528,"타이어, SUV, RV용, 올시즌, 전기차용, 컴포트형, 단면폭: 255mm, 편평비: 35%, 휠지름: 21인치, 에너지효율등급: 2등급, 젖은노면제동력: 3등급, UTQG 마모지수: 600(2등급), UTQG 제동력: A, UTQG 내열성: A, 타이어경도: 4P, 추천차종 현대 아이오닉5, 기아 EV6",374180
116,한국타이어 아이온 에보 AS SUV IH01A 235/50R20 4P,https://img.danawa.com/prod_img/500000/197/239/img/19239197_1.jpg?shrink=330:*&_v=20230307094451,"타이어, SUV, RV용, 올시즌, 전기차용, 컴포트형, 단면폭: 235mm, 편평비: 50%, 휠지름: 20인치, 에너지효율등급: 2등급, 젖은노면제동력: 3등급, UTQG 마모지수: 600(2등급), UTQG 제동력: A, UTQG 내열성: A, 타이어경도: 4P, 추천차종 현대 아이오닉5, 기아 EV6",294200
117,한국타이어 아이온 윈터 SUV IW01A 275/50R20,https://img.danawa.com/prod_img/500000/472/828/img/28828472_1.jpg?shrink=330:*&_v=20231018111008,"타이어, SUV, RV용, 겨울용, 전기차용, 컴포트형, 알파인, 단면폭: 275mm, 편평비: 50%, 휠지름: 20인치, 추천차종 기아 EV6, 테슬라 모델Y",236720
118,한국타이어 아이온 윈터 SUV IW01A 265/45R20,https://img.danawa.com/prod_img/500000/366/336/img/29336366_1.jpg?shrink=330:*&_v=20231025111627,"타이어, SUV, RV용, 겨울용, 전기차용, 컴포트형, 알파인, 단면폭: 265mm, 편평비: 45%, 휠지름: 20인치, 추천차종 기아 EV6, 테슬라 모델Y",224870
119,한국타이어 아이온 윈터 SUV IW01A 사일런트 255/35R21,https://img.danawa.com/prod_img/500000/282/769/img/28769282_1.jpg?shrink=330:*&_v=20231016092541,"타이어, SUV, RV용, 겨울용, 전기차용, 컴포트형, 저소음, 알파인, 단면폭: 255mm, 편평비: 35%, 휠지름: 21인치, 추천차종 기아 EV6, 테슬라 모델Y",273000
120,한국타이어 아이온 윈터 SUV IW01A 사일런트 285/45R21,https://img.danawa.com/prod_img/500000/007/771/img/28771007_1.jpg?shrink=330:*&_v=20231016124226,"타이어, SUV, RV용, 겨울용, 전기차용, 컴포트형, 저소음, 알파인, 단면폭: 285mm, 편평비: 45%, 휠지름: 21인치, 추천차종 기아 EV6, 테슬라 모델Y",303000
121,한국타이어 아이온 윈터 SUV IW01A 사일런트 265/45R20,https://img.danawa.com/prod_img/500000/671/770/img/28770671_1.jpg?shrink=330:*&_v=20231016111852,"타이어, SUV, RV용, 겨울용, 전기차용, 컴포트형, 저소음, 알파인, 단면폭: 265mm, 편평비: 45%, 휠지름: 20인치, 추천차종 기아 EV6, 테슬라 모델Y",229000
122,한국타이어 키너지 AS EV EH01 235/40R19,https://img.danawa.com/prod_img/500000/164/027/img/15027164_1.jpg?shrink=330:*&_v=20210818154313,"타이어, 승용차용, 올시즌, 전기차용, 컴포트형, 단면폭: 235mm, 편평비: 40%, 휠지름: 19인치, 에너지효율등급: 3등급, 젖은노면제동력: 2등급, UTQG 마모지수: 500(3등급), UTQG 제동력: A, UTQG 내열성: A, 추천차종 현대 쏘나타, 현대 코나, 기아 니로",280690
123,금호타이어 마제스티9 솔루스 TA91 EV 275/40R18,https://img.danawa.com/prod_img/500000/192/495/img/17495192_1.jpg?shrink=330:*&_v=20220720100009,"타이어, 승용차용, 올시즌, 전기차용, 컴포트형, 단면폭: 275mm, 편평비: 40%, 휠지름: 18인치, 에너지효율등급: 2등급, 젖은노면제동력: 3등급, UTQG 마모지수: 560(2등급), UTQG 제동력: AA, UTQG 내열성: A",213000
124,한국타이어 아이온 에보 AS SUV IH01A 사일런트 255/60R19,https://img.danawa.com/prod_img/500000/385/462/img/28462385_1.jpg?shrink=330:*&_v=20230925124225,"타이어, SUV, RV용, 올시즌, 전기차용, 컴포트형, 저소음, 단면폭: 255mm, 편평비: 60%, 휠지름: 19인치, 에너지효율등급: 2등급, 젖은노면제동력: 3등급, UTQG 마모지수: 600(2등급), UTQG 제동력: A, UTQG 내열성: A, 추천차종 현대 아이오닉5, 기아 EV6",178370
125,한국타이어 아이온 에보 SUV IK01A 사일런트 275/35R21,https://img.danawa.com/prod_img/500000/691/805/img/27805691_1.jpg?shrink=330:*&_v=20230828100005,"타이어, SUV, RV용, 전기차용, 스포츠형, 저소음, 단면폭: 275mm, 편평비: 35%, 휠지름: 21인치, UTQG 마모지수: 320(4등급), UTQG 제동력: AA, UTQG 내열성: A, 추천차종 아우디 A7",384810
126,한국타이어 아이온 윈터 SUV IW01A 사일런트 255/40R21,https://img.danawa.com/prod_img/500000/420/769/img/28769420_1.jpg?shrink=330:*&_v=20231016093505,"타이어, SUV, RV용, 겨울용, 전기차용, 컴포트형, 저소음, 알파인, 단면폭: 255mm, 편평비: 40%, 휠지름: 21인치, 추천차종 기아 EV6, 테슬라 모델Y",270000
127,한국타이어 아이온 윈터 IW01 사일런트 235/35R20,https://img.danawa.com/prod_img/500000/301/771/img/28771301_1.jpg?shrink=330:*&_v=20231016125515,"타이어, 승용차용, 겨울용, 전기차용, 컴포트형, 저소음, 알파인, 단면폭: 235mm, 편평비: 35%, 휠지름: 20인치",204000
128,한국타이어 아이온 윈터 IW01 235/35R20,https://img.danawa.com/prod_img/500000/131/622/img/29622131_1.jpg?shrink=330:*&_v=20231031141146,"타이어, 승용차용, 겨울용, 전기차용, 컴포트형, 알파인, 단면폭: 235mm, 편평비: 35%, 휠지름: 20인치",199840
129,한국타이어 아이온 에보 AS IH01 사일런트 245/35R21,https://img.danawa.com/prod_img/500000/061/056/img/20056061_1.jpg?shrink=330:*&_v=20230508145447,"타이어, 승용차용, 올시즌, 전기차용, 컴포트형, 저소음, 단면폭: 235mm, 편평비: 35%, 휠지름: 21인치, 에너지효율등급: 2등급, 젖은노면제동력: 3등급, UTQG 마모지수: 600(2등급), UTQG 제동력: A, UTQG 내열성: A, 추천차종 현대 넥쏘, 테슬라 모델S, 테슬라 모델3",307690
130,한국타이어 아이온 에보 AS IH01 사일런트 265/35R21,https://img.danawa.com/prod_img/500000/012/874/img/19874012_1.jpg?shrink=330:*&_v=20230420172900,"타이어, 승용차용, 올시즌, 전기차용, 컴포트형, 저소음, 단면폭: 265mm, 편평비: 35%, 휠지름: 21인치, 에너지효율등급: 2등급, 젖은노면제동력: 3등급, UTQG 마모지수: 600(2등급), UTQG 제동력: A, UTQG 내열성: A, 추천차종 현대 넥쏘, 테슬라 모델S, 테슬라 모델3",334580
131,한국타이어 아이온 에보 AS IH01 235/40R19 4P,https://img.danawa.com/prod_img/500000/697/240/img/19240697_1.jpg?shrink=330:*&_v=20230307105904,"타이어, 승용차용, 올시즌, 전기차용, 컴포트형, 단면폭: 235mm, 편평비: 40%, 휠지름: 19인치, 에너지효율등급: 2등급, 젖은노면제동력: 3등급, UTQG 마모지수: 600(2등급), UTQG 제동력: A, UTQG 내열성: A, 타이어경도: 4P, 추천차종 현대 넥쏘, 테슬라 모델S, 테슬라 모델3",253000
132,한국타이어 벤투스 S1 에보3 K127E 285/35R22 4P,https://img.danawa.com/prod_img/500000/021/202/img/19202021_1.jpg?shrink=330:*&_v=20230303084735,"타이어, 승용차용, 여름용, 전기차용, 스포츠형, 단면폭: 285mm, 편평비: 35%, 휠지름: 22인치, 에너지효율등급: 4등급, 젖은노면제동력: 1등급, 타이어경도: 4P",481850
133,한국타이어 벤투스 S1 에보3 K127E 265/40R22 4P,https://img.danawa.com/prod_img/500000/997/201/img/19201997_1.jpg?shrink=330:*&_v=20230303084414,"타이어, 승용차용, 여름용, 전기차용, 스포츠형, 단면폭: 265mm, 편평비: 40%, 휠지름: 22인치, 에너지효율등급: 4등급, 젖은노면제동력: 1등급, 타이어경도: 4P",429990
134,한국타이어 벤투스 S1 에보3 K127E 225/55R19 4P,https://img.danawa.com/prod_img/500000/967/201/img/19201967_1.jpg?shrink=330:*&_v=20230303083839,"타이어, 승용차용, 여름용, 전기차용, 스포츠형, 단면폭: 225mm, 편평비: 55%, 휠지름: 19인치, 에너지효율등급: 4등급, 젖은노면제동력: 1등급, 타이어경도: 4P",256450
135,한국타이어 벤투스 S1 에보3 K127E 255/45R19,https://img.danawa.com/prod_img/500000/870/421/img/16421870_1.jpg?shrink=330:*&_v=20220217125518,"타이어, 승용차용, 여름용, 전기차용, 스포츠형, 단면폭: 255mm, 편평비: 45%, 휠지름: 19인치, 에너지효율등급: 4등급, 젖은노면제동력: 1등급",214200
136,한국타이어 벤투스 S1 에보3 K127E 275/45R19,https://img.danawa.com/prod_img/500000/349/944/img/11944349_1.jpg?shrink=330:*&_v=20201021131836,"타이어, 승용차용, 여름용, 전기차용, 스포츠형, 단면폭: 275mm, 편평비: 45%, 휠지름: 19인치, 에너지효율등급: 4등급, 젖은노면제동력: 1등급",216030
137,한국타이어 벤투스 S1 에보3 K127E 225/55R19,https://img.danawa.com/prod_img/500000/136/944/img/11944136_1.jpg?shrink=330:*&_v=20201021131836,"타이어, 승용차용, 여름용, 전기차용, 스포츠형, 단면폭: 225mm, 편평비: 55%, 휠지름: 19인치, 에너지효율등급: 4등급, 젖은노면제동력: 1등급",194180
138,한국타이어 아이온 윈터 SUV IW01A 사일런트 235/45R20,https://img.danawa.com/prod_img/500000/632/923/img/28923632_1.jpg?shrink=330:*&_v=20231023133112,"타이어, SUV, RV용, 겨울용, 전기차용, 컴포트형, 저소음, 알파인, 단면폭: 235mm, 편평비: 45%, 휠지름: 20인치, 추천차종 기아 EV6, 테슬라 모델Y",189000
139,한국타이어 아이온 윈터 IW01 사일런트 255/40R19,https://img.danawa.com/prod_img/500000/910/858/img/28858910_1.jpg?shrink=330:*&_v=20231019130344,"타이어, 승용차용, 겨울용, 전기차용, 컴포트형, 저소음, 알파인, 단면폭: 255mm, 편평비: 40%, 휠지름: 19인치",197000
140,한국타이어 아이온 에보 SUV IK01A 275/35R21,https://img.danawa.com/prod_img/500000/710/655/img/20655710_1.jpg?shrink=330:*&_v=20230623084124,"타이어, SUV, RV용, 전기차용, 스포츠형, 단면폭: 275mm, 편평비: 35%, 휠지름: 21인치, UTQG 마모지수: 320(4등급), UTQG 제동력: AA, UTQG 내열성: A, 추천차종 아우디 A7",378000
141,한국타이어 아이온 에보 AS SUV IH01A 사일런트 235/45R20,https://img.danawa.com/prod_img/500000/060/975/img/29975060_1.jpg?shrink=330:*&_v=20231115091552,"타이어, SUV, RV용, 올시즌, 전기차용, 컴포트형, 저소음, 단면폭: 235mm, 편평비: 45%, 휠지름: 20인치, 에너지효율등급: 2등급, 젖은노면제동력: 3등급, UTQG 마모지수: 600(2등급), UTQG 제동력: A, UTQG 내열성: A, 추천차종 현대 아이오닉5, 기아 EV6",248760
142,한국타이어 아이온 에보 IK01 275/35R21,https://img.danawa.com/prod_img/500000/501/542/img/21542501_1.jpg?shrink=330:*&_v=20230714125555,"타이어, 승용차용, 전기차용, 스포츠형, 단면폭: 275mm, 편평비: 35%, 휠지름: 21인치, UTQG 마모지수: 320(4등급), UTQG 제동력: AA, UTQG 내열성: A, 추천차종 테슬라 모델S, 아우디 e-트론 GT",410130
143,한국타이어 벤투스 S1 에보3 K127E 285/35R22,https://img.danawa.com/prod_img/500000/515/245/img/19245515_1.jpg?shrink=330:*&_v=20230307145728,"타이어, 승용차용, 여름용, 전기차용, 스포츠형, 단면폭: 285mm, 편평비: 35%, 휠지름: 22인치, 에너지효율등급: 4등급, 젖은노면제동력: 1등급",368850
144,한국타이어 벤투스 S1 에보3 K127E 265/40R22,https://img.danawa.com/prod_img/500000/672/241/img/19241672_1.jpg?shrink=330:*&_v=20230307124527,"타이어, 승용차용, 여름용, 전기차용, 스포츠형, 단면폭: 265mm, 편평비: 40%, 휠지름: 22인치, 에너지효율등급: 4등급, 젖은노면제동력: 1등급",327740
145,금호타이어 마제스티9 솔루스 TA91 EV 235/45R19,https://img.danawa.com/prod_img/500000/286/798/img/28798286_1.jpg?shrink=330:*&_v=20231017085538,"타이어, 승용차용, 올시즌, 전기차용, 컴포트형, 단면폭: 235mm, 편평비: 45%, 휠지름: 19인치, 에너지효율등급: 2등급, 젖은노면제동력: 3등급, UTQG 마모지수: 560(2등급), UTQG 제동력: AA, UTQG 내열성: A",일시품절
146,미쉐린타이어 파일럿 스포츠 EV 235/50R20,https://img.danawa.com/prod_img/500000/288/333/img/29333288_1.jpg?shrink=330:*&_v=20231025091547,"타이어, 승용차용, 여름용, 전기차용, 단면폭: 235mm, 편평비: 50%, 휠지름: 20인치, 에너지효율등급: 1등급, 젖은노면제동력: 2등급, UTQG 마모지수: 320(4등급), UTQG 제동력: AA, UTQG 내열성: A",632530
147,한국타이어 아이온 에보 AS SUV IH01A 사일런트 275/50R20,https://img.danawa.com/prod_img/500000/466/462/img/28462466_1.jpg?shrink=330:*&_v=20230925124702,"타이어, SUV, RV용, 올시즌, 전기차용, 컴포트형, 저소음, 단면폭: 275mm, 편평비: 50%, 휠지름: 20인치, 에너지효율등급: 2등급, 젖은노면제동력: 3등급, UTQG 마모지수: 600(2등급), UTQG 제동력: A, UTQG 내열성: A, 추천차종 현대 아이오닉5, 기아 EV6",253240
148,한국타이어 아이온 윈터 IW01 사일런트 245/45R20,https://img.danawa.com/prod_img/500000/652/771/img/28771652_1.jpg?shrink=330:*&_v=20231103162559,"타이어, 승용차용, 겨울용, 전기차용, 컴포트형, 저소음, 알파인, 단면폭: 245mm, 편평비: 45%, 휠지름: 20인치",196000
149,한국타이어 아이온 에보 IK01 305/30R21,https://img.danawa.com/prod_img/500000/543/542/img/21542543_1.jpg?shrink=330:*&_v=20230714125633,"타이어, 승용차용, 전기차용, 스포츠형, 단면폭: 305mm, 편평비: 30%, 휠지름: 21인치, UTQG 마모지수: 320(4등급), UTQG 제동력: AA, UTQG 내열성: A, 추천차종 테슬라 모델S, 아우디 e-트론 GT",439000
150,한국타이어 아이온 에보 IK01 235/35R20,https://img.danawa.com/prod_img/500000/730/541/img/21541730_1.jpg?shrink=330:*&_v=20230714123834,"타이어, 승용차용, 전기차용, 스포츠형, 단면폭: 235mm, 편평비: 35%, 휠지름: 20인치, UTQG 마모지수: 320(4등급), UTQG 제동력: AA, UTQG 내열성: A, 추천차종 테슬라 모델S, 아우디 e-트론 GT",341000
151,미쉐린타이어 파일럿 스포츠 EV 265/45R20,https://img.danawa.com/prod_img/500000/128/719/img/19719128_1.jpg?shrink=330:*&_v=20230411090630,"타이어, 승용차용, 여름용, 전기차용, 단면폭: 265mm, 편평비: 45%, 휠지름: 20인치, 에너지효율등급: 1등급, 젖은노면제동력: 2등급, UTQG 마모지수: 320(4등급), UTQG 제동력: AA, UTQG 내열성: A",520000
152,한국타이어 아이온 윈터 IW01 245/35R21,https://img.danawa.com/prod_img/500000/107/521/img/28521107_1.jpg?shrink=330:*&_v=20231004165020,"타이어, 승용차용, 겨울용, 전기차용, 컴포트형, 알파인, 단면폭: 245mm, 편평비: 35%, 휠지름: 21인치",219580
153,한국타이어 아이온 윈터 IW01 265/40R21,https://img.danawa.com/prod_img/500000/187/335/img/29335187_1.jpg?shrink=330:*&_v=20231025104254,"타이어, 승용차용, 겨울용, 전기차용, 컴포트형, 알파인, 단면폭: 265mm, 편평비: 40%, 휠지름: 21인치",280310
154,한국타이어 아이온 에보 IK01 265/35R21,https://img.danawa.com/prod_img/500000/910/541/img/21541910_1.jpg?shrink=330:*&_v=20230714124410,"타이어, 승용차용, 전기차용, 스포츠형, 단면폭: 265mm, 편평비: 35%, 휠지름: 21인치, UTQG 마모지수: 320(4등급), UTQG 제동력: AA, UTQG 내열성: A, 추천차종 테슬라 모델S, 아우디 e-트론 GT",381000
155,한국타이어 아이온 에보 AS IH01 사일런트 275/40R19,https://img.danawa.com/prod_img/500000/910/974/img/29974910_1.jpg?shrink=330:*&_v=20231115090226,"타이어, 승용차용, 올시즌, 전기차용, 컴포트형, 저소음, 단면폭: 275mm, 편평비: 40%, 휠지름: 19인치, 에너지효율등급: 2등급, 젖은노면제동력: 3등급, UTQG 마모지수: 600(2등급), UTQG 제동력: A, UTQG 내열성: A, 추천차종 현대 넥쏘, 테슬라 모델S, 테슬라 모델3",208710
156,미쉐린타이어 파일럿 스포츠 EV 235/55R20,https://img.danawa.com/prod_img/500000/096/800/img/18800096_1.jpg?shrink=330:*&_v=20230119101955,"타이어, 승용차용, 여름용, 전기차용, 단면폭: 235mm, 편평비: 55%, 휠지름: 20인치, 에너지효율등급: 1등급, 젖은노면제동력: 2등급, UTQG 마모지수: 320(4등급), UTQG 제동력: AA, UTQG 내열성: A",420000
157,한국타이어 아이온 윈터 IW01 235/40R19,https://img.danawa.com/prod_img/500000/632/622/img/29622632_1.jpg?shrink=330:*&_v=20231031142905,"타이어, 승용차용, 겨울용, 전기차용, 컴포트형, 알파인, 단면폭: 235mm, 편평비: 40%, 휠지름: 19인치",175480
158,한국타이어 아이온 윈터 SUV IW01A 사일런트 265/45R21,https://img.danawa.com/prod_img/500000/552/164/img/13164552_1.jpg?shrink=330:*&_v=20221004084910,"타이어, SUV, RV용, 겨울용, 전기차용, 컴포트형, 저소음, 알파인, 단면폭: 265mm, 편평비: 45%, 휠지름: 21인치, 추천차종 기아 EV6, 테슬라 모델Y",246000
159,한국타이어 아이온 윈터 SUV IW01A 사일런트 275/45R20,https://img.danawa.com/prod_img/500000/187/924/img/28924187_1.jpg?shrink=330:*&_v=20231023134728,"타이어, SUV, RV용, 겨울용, 전기차용, 컴포트형, 저소음, 알파인, 단면폭: 275mm, 편평비: 45%, 휠지름: 20인치, 추천차종 기아 EV6, 테슬라 모델Y",277000
160,한국타이어 아이온 윈터 SUV IW01A 사일런트 255/50R19,https://img.danawa.com/prod_img/500000/845/923/img/28923845_1.jpg?shrink=330:*&_v=20231023133628,"타이어, SUV, RV용, 겨울용, 전기차용, 컴포트형, 저소음, 알파인, 단면폭: 255mm, 편평비: 50%, 휠지름: 19인치, 추천차종 기아 EV6, 테슬라 모델Y",183000
161,한국타이어 아이온 윈터 SUV IW01A 사일런트 245/40R21,https://img.danawa.com/prod_img/500000/680/923/img/28923680_1.jpg?shrink=330:*&_v=20231023133221,"타이어, SUV, RV용, 겨울용, 전기차용, 컴포트형, 저소음, 알파인, 단면폭: 245mm, 편평비: 40%, 휠지름: 21인치, 추천차종 기아 EV6, 테슬라 모델Y",238000
162,미쉐린타이어 파일럿 스포츠 EV 275/35R21,https://img.danawa.com/prod_img/500000/142/153/img/28153142_1.jpg?shrink=330:*&_v=20230911083618,"타이어, 승용차용, 여름용, 전기차용, 단면폭: 275mm, 편평비: 35%, 휠지름: 21인치, 에너지효율등급: 1등급, 젖은노면제동력: 2등급, UTQG 마모지수: 320(4등급), UTQG 제동력: AA, UTQG 내열성: A",729600
163,미쉐린타이어 파일럿 스포츠 EV 235/45R20,https://img.danawa.com/prod_img/500000/062/719/img/19719062_1.jpg?shrink=330:*&_v=20230411090135,"타이어, 승용차용, 여름용, 전기차용, 단면폭: 235mm, 편평비: 45%, 휠지름: 20인치, 에너지효율등급: 1등급, 젖은노면제동력: 2등급, UTQG 마모지수: 320(4등급), UTQG 제동력: AA, UTQG 내열성: A",573000
164,한국타이어 아이온 윈터 IW01 사일런트 265/35R22,https://img.danawa.com/prod_img/500000/858/654/img/29654858_1.jpg?shrink=330:*&_v=20231101091829,"타이어, 승용차용, 겨울용, 전기차용, 컴포트형, 저소음, 알파인, 단면폭: 265mm, 편평비: 35%, 휠지름: 22인치",306000
165,한국타이어 아이온 윈터 SUV IW01A 사일런트 275/50R20,https://img.danawa.com/prod_img/500000/190/924/img/28924190_1.jpg?shrink=330:*&_v=20231023134744,"타이어, SUV, RV용, 겨울용, 전기차용, 컴포트형, 저소음, 알파인, 단면폭: 275mm, 편평비: 50%, 휠지름: 20인치, 추천차종 기아 EV6, 테슬라 모델Y",241000
166,한국타이어 아이온 윈터 SUV IW01A 사일런트 255/60R19,https://img.danawa.com/prod_img/500000/896/923/img/28923896_1.jpg?shrink=330:*&_v=20231023133822,"타이어, SUV, RV용, 겨울용, 전기차용, 컴포트형, 저소음, 알파인, 단면폭: 255mm, 편평비: 60%, 휠지름: 19인치, 추천차종 기아 EV6, 테슬라 모델Y",187000
167,미쉐린타이어 파일럿 스포츠 EV 255/35R21,https://img.danawa.com/prod_img/500000/074/719/img/19719074_1.jpg?shrink=330:*&_v=20230411090235,"타이어, 승용차용, 여름용, 전기차용, 단면폭: 255mm, 편평비: 35%, 휠지름: 21인치, 에너지효율등급: 1등급, 젖은노면제동력: 2등급, UTQG 마모지수: 320(4등급), UTQG 제동력: AA, UTQG 내열성: A",713000
168,한국타이어 키너지 AS EV EH01 235/45R18,https://img.danawa.com/prod_img/500000/074/027/img/15027074_1.jpg?shrink=330:*&_v=20210818154044,"타이어, 승용차용, 올시즌, 전기차용, 컴포트형, 단면폭: 235mm, 편평비: 45%, 휠지름: 18인치, 에너지효율등급: 3등급, 젖은노면제동력: 2등급, UTQG 마모지수: 500(3등급), UTQG 제동력: A, UTQG 내열성: A, 추천차종 현대 쏘나타, 현대 코나, 기아 니로",265460
169,한국타이어 키너지 AS EV EH01 사일런트 235/45R18,https://img.danawa.com/prod_img/500000/189/421/img/16421189_1.jpg?shrink=330:*&_v=20220217112821,"타이어, 승용차용, 올시즌, 전기차용, 컴포트형, 저소음, 단면폭: 235mm, 편평비: 45%, 휠지름: 18인치, 에너지효율등급: 3등급, 젖은노면제동력: 2등급, UTQG 마모지수: 500(3등급), UTQG 제동력: A, UTQG 내열성: A, 추천차종 현대 쏘나타, 현대 코나, 기아 니로",229550
170,한국타이어 키너지 AS EV EH01 205/55R16,https://img.danawa.com/prod_img/500000/918/716/img/10716918_1.jpg?shrink=330:*&_v=20201027173744,"타이어, 승용차용, 올시즌, 전기차용, 컴포트형, 단면폭: 205mm, 편평비: 55%, 휠지름: 16인치, 에너지효율등급: 3등급, 젖은노면제동력: 2등급, UTQG 마모지수: 500(3등급), UTQG 제동력: A, UTQG 내열성: A, 추천차종 현대 쏘나타, 현대 코나, 기아 니로",156850
171,한국타이어 아이온 윈터 SUV IW01A 275/40R22,https://img.danawa.com/prod_img/500000/931/335/img/29335931_1.jpg?shrink=330:*&_v=20231025110255,"타이어, SUV, RV용, 겨울용, 전기차용, 컴포트형, 알파인, 단면폭: 275mm, 편평비: 40%, 휠지름: 22인치, 추천차종 기아 EV6, 테슬라 모델Y",307450
172,한국타이어 아이온 윈터 SUV IW01A 255/60R19,https://img.danawa.com/prod_img/500000/541/335/img/29335541_1.jpg?shrink=330:*&_v=20231025105234,"타이어, SUV, RV용, 겨울용, 전기차용, 컴포트형, 알파인, 단면폭: 255mm, 편평비: 60%, 휠지름: 19인치, 추천차종 기아 EV6, 테슬라 모델Y",190900
173,한국타이어 아이온 윈터 IW01 265/35R22,https://img.danawa.com/prod_img/500000/154/335/img/29335154_1.jpg?shrink=330:*&_v=20231025104157,"타이어, 승용차용, 겨울용, 전기차용, 컴포트형, 알파인, 단면폭: 265mm, 편평비: 35%, 휠지름: 22인치",321750
174,한국타이어 아이온 윈터 IW01 사일런트 265/40R21,https://img.danawa.com/prod_img/500000/724/771/img/28771724_1.jpg?shrink=330:*&_v=20231016131202,"타이어, 승용차용, 겨울용, 전기차용, 컴포트형, 저소음, 알파인, 단면폭: 265mm, 편평비: 40%, 휠지름: 21인치",264000
175,한국타이어 아이온 윈터 IW01 사일런트 235/45R18,https://img.danawa.com/prod_img/500000/358/771/img/28771358_1.jpg?shrink=330:*&_v=20231016125755,"타이어, 승용차용, 겨울용, 전기차용, 컴포트형, 저소음, 알파인, 단면폭: 235mm, 편평비: 45%, 휠지름: 18인치",160000
176,한국타이어 아이온 윈터 IW01 사일런트 235/40R19,https://img.danawa.com/prod_img/500000/343/771/img/28771343_1.jpg?shrink=330:*&_v=20231016125732,"타이어, 승용차용, 겨울용, 전기차용, 컴포트형, 저소음, 알파인, 단면폭: 235mm, 편평비: 40%, 휠지름: 19인치",179000
177,한국타이어 아이온 에보 SUV IK01A 255/40R20,https://img.danawa.com/prod_img/500000/707/655/img/20655707_1.jpg?shrink=330:*&_v=20230623084058,"타이어, SUV, RV용, 전기차용, 스포츠형, 단면폭: 255mm, 편평비: 40%, 휠지름: 20인치, UTQG 마모지수: 320(4등급), UTQG 제동력: AA, UTQG 내열성: A, 추천차종 아우디 A7",294000
178,한국타이어 아이온 에보 SUV IK01A 255/35R21,https://img.danawa.com/prod_img/500000/701/655/img/20655701_1.jpg?shrink=330:*&_v=20230623084036,"타이어, SUV, RV용, 전기차용, 스포츠형, 단면폭: 255mm, 편평비: 35%, 휠지름: 21인치, UTQG 마모지수: 320(4등급), UTQG 제동력: AA, UTQG 내열성: A, 추천차종 아우디 A7",364000
179,한국타이어 아이온 윈터 IW01 사일런트 265/35R21,https://img.danawa.com/prod_img/500000/031/172/img/13172031_1.jpg?shrink=330:*&_v=20221004170318,"타이어, 승용차용, 겨울용, 전기차용, 컴포트형, 저소음, 알파인, 단면폭: 265mm, 편평비: 35%, 휠지름: 21인치",277000
180,한국타이어 아이온 윈터 IW01 255/50R19,https://img.danawa.com/prod_img/500000/266/622/img/29622266_1.jpg?shrink=330:*&_v=20231031141626,"타이어, 승용차용, 겨울용, 전기차용, 컴포트형, 알파인, 단면폭: 255mm, 편평비: 50%, 휠지름: 19인치",211375
181,한국타이어 아이온 윈터 IW01 사일런트 305/30R21,https://img.danawa.com/prod_img/500000/745/771/img/28771745_1.jpg?shrink=330:*&_v=20231016131237,"타이어, 승용차용, 겨울용, 전기차용, 컴포트형, 저소음, 알파인, 단면폭: 305mm, 편평비: 30%, 휠지름: 21인치",318000
182,한국타이어 아이온 윈터 IW01 사일런트 245/35R21,https://img.danawa.com/prod_img/500000/544/771/img/28771544_1.jpg?shrink=330:*&_v=20231016130550,"타이어, 승용차용, 겨울용, 전기차용, 컴포트형, 저소음, 알파인, 단면폭: 245mm, 편평비: 35%, 휠지름: 21인치",224000
183,한국타이어 아이온 에보 SUV IK01A 사일런트 255/40R20,https://img.danawa.com/prod_img/500000/682/805/img/27805682_1.jpg?shrink=330:*&_v=20230828095935,"타이어, SUV, RV용, 전기차용, 스포츠형, 저소음, 단면폭: 255mm, 편평비: 40%, 휠지름: 20인치, UTQG 마모지수: 320(4등급), UTQG 제동력: AA, UTQG 내열성: A, 추천차종 아우디 A7",295210
184,한국타이어 아이온 에보 SUV IK01A 사일런트 255/35R21,https://img.danawa.com/prod_img/500000/676/805/img/27805676_1.jpg?shrink=330:*&_v=20230828095916,"타이어, SUV, RV용, 전기차용, 스포츠형, 저소음, 단면폭: 255mm, 편평비: 35%, 휠지름: 21인치, UTQG 마모지수: 320(4등급), UTQG 제동력: AA, UTQG 내열성: A, 추천차종 아우디 A7",369000
185,한국타이어 아이온 에보 IK01 사일런트 305/30R21,https://img.danawa.com/prod_img/500000/643/805/img/27805643_1.jpg?shrink=330:*&_v=20230828095653,"타이어, 승용차용, 전기차용, 스포츠형, 저소음, 단면폭: 305mm, 편평비: 30%, 휠지름: 21인치, UTQG 마모지수: 320(4등급), UTQG 제동력: AA, UTQG 내열성: A, 추천차종 테슬라 모델S, 아우디 e-트론 GT",446420
186,한국타이어 아이온 에보 IK01 사일런트 235/35R20,https://img.danawa.com/prod_img/500000/616/805/img/27805616_1.jpg?shrink=330:*&_v=20230828095527,"타이어, 승용차용, 전기차용, 스포츠형, 저소음, 단면폭: 235mm, 편평비: 35%, 휠지름: 20인치, UTQG 마모지수: 320(4등급), UTQG 제동력: AA, UTQG 내열성: A, 추천차종 테슬라 모델S, 아우디 e-트론 GT",321280
187,한국타이어 아이온 에보 IK01 255/40R20,https://img.danawa.com/prod_img/500000/883/541/img/21541883_1.jpg?shrink=330:*&_v=20230714124337,"타이어, 승용차용, 전기차용, 스포츠형, 단면폭: 255mm, 편평비: 40%, 휠지름: 20인치, UTQG 마모지수: 320(4등급), UTQG 제동력: AA, UTQG 내열성: A, 추천차종 테슬라 모델S, 아우디 e-트론 GT",318990
188,한국타이어 아이온 에보 IK01 255/35R21,https://img.danawa.com/prod_img/500000/808/541/img/21541808_1.jpg?shrink=330:*&_v=20230714124030,"타이어, 승용차용, 전기차용, 스포츠형, 단면폭: 255mm, 편평비: 35%, 휠지름: 21인치, UTQG 마모지수: 320(4등급), UTQG 제동력: AA, UTQG 내열성: A, 추천차종 테슬라 모델S, 아우디 e-트론 GT",394100
189,미쉐린타이어 파일럿 스포츠 EV 255/50R21,https://img.danawa.com/prod_img/500000/231/800/img/18800231_1.jpg?shrink=330:*&_v=20230119102708,"타이어, 승용차용, 여름용, 전기차용, 단면폭: 255mm, 편평비: 50%, 휠지름: 21인치, 에너지효율등급: 1등급, 젖은노면제동력: 2등급, UTQG 마모지수: 320(4등급), UTQG 제동력: AA, UTQG 내열성: A",538840
190,미쉐린타이어 파일럿 스포츠 EV 235/45R21,https://img.danawa.com/prod_img/500000/066/800/img/18800066_1.jpg?shrink=330:*&_v=20230119101905,"타이어, 승용차용, 여름용, 전기차용, 단면폭: 235mm, 편평비: 45%, 휠지름: 21인치, 에너지효율등급: 1등급, 젖은노면제동력: 2등급, UTQG 마모지수: 320(4등급), UTQG 제동력: AA, UTQG 내열성: A",524270
191,한국타이어 벤투스 S1 에보3 K127E 사일런트 285/35R22,https://img.danawa.com/prod_img/500000/638/713/img/16713638_1.jpg?shrink=330:*&_v=20220330145147,"타이어, 승용차용, 여름용, 전기차용, 스포츠형, 저소음, 단면폭: 285mm, 편평비: 35%, 휠지름: 22인치, 에너지효율등급: 4등급, 젖은노면제동력: 1등급",404000
192,한국타이어 벤투스 S1 에보3 K127E 사일런트 265/40R22,https://img.danawa.com/prod_img/500000/975/421/img/16421975_1.jpg?shrink=330:*&_v=20220217125945,"타이어, 승용차용, 여름용, 전기차용, 스포츠형, 저소음, 단면폭: 265mm, 편평비: 40%, 휠지름: 22인치, 에너지효율등급: 4등급, 젖은노면제동력: 1등급",359000
193,한국타이어 키너지 AS EV EH01 사일런트 235/40R19,https://img.danawa.com/prod_img/500000/180/421/img/16421180_1.jpg?shrink=330:*&_v=20220217112805,"타이어, 승용차용, 올시즌, 전기차용, 컴포트형, 저소음, 단면폭: 235mm, 편평비: 40%, 휠지름: 19인치, 에너지효율등급: 3등급, 젖은노면제동력: 2등급, UTQG 마모지수: 500(3등급), UTQG 제동력: A, UTQG 내열성: A, 추천차종 현대 쏘나타, 현대 코나, 기아 니로",242200
